FID,longitude,latitude,Vs30,EAF1,EAF2,EAF3,EAF4,EAF5,2sec_Amplification,3sec_Amplification,5sec_Amplification,10sec_Amplification,StationNam,
0,-118.767,34.146,423,1.708256191,1.552824434,1.674782302,1.53725388,1.338917,0.081631593,-0.027122632,-0.060475182,-0.228620321,Agoura,
1,-117.742,33.863,485,1.62636262,1.802512457,3.316948681,0,0,-0.244384035,-0.146520197,-0.010356508,-0.064830408,Anaheim-Hwy91WeirCynRd,
2,-117.817,33.854,359,3.011847114,3.143119514,3.136922398,3.479236565,3.651816333,0.260780394,0.349710554,0.403344631,0.197516248,Anaheim-LakeviewRiverdale,
3,-118.299,34.687,347,2.170962168,2.340346459,1.751985211,1.504354081,1.395625997,-0.125134706,-0.11986766,-0.097866125,-0.052285574,Antelope,
4,-118.439,34.236,298,2.850550681,2.945199598,2.202101842,1.967482209,1.942982192,0.666220784,0.781381845,0.754620612,0.453437984,Arleta-NordhoffFireSta,
5,-117.981,33.808,266,3.940579359,4.693154328,4.403526732,4.055639661,3.837750816,0.674548626,0.864784896,1.084267735,0.96917212,BarreSubstation,
6,-118.396,34.076,460,2.52166507,2.363052079,2.92231982,2.839539955,2.728365425,0.18128714,0.160216644,0.264709413,0.244415015,BeverlyHillsPacBellBsmt,
7,-117.896,33.933,396,5.707404706,3.373759263,3.430144574,3.199506864,2.439732098,0.666374028,0.771423519,0.730897903,0.44686535,Brea-CentralAveCaltransYard,
8,-118.354,34.195,422,2.745883082,3.038406954,2.246753927,2.070713259,1.838145411,0.502619147,0.617630661,0.37686047,0.101628661,BurbankAirport,
9,-118.574,34.682,461,2.084083076,1.580701334,1.61199989,1.569765676,1.477372496,0.128960744,-0.035840008,-0.142921939,0.006315821,BurntPeak,
10,-117.809,34.06,481,3.299746999,2.540242292,2.094474494,1.761141176,1.538691644,0.340747863,0.384360105,0.244762242,0.043074097,CalPolyPomona,
11,-118.641,34.155,373,2.069496535,2.206633344,2.080913342,1.680896678,1.560492225,0.236886397,0.202429995,0.161497995,-0.002623865,CalabasasPacBell,
12,-118.122,34.137,399,2.540127255,2.951699632,2.43471859,2.246106402,2.115721362,0.500299871,0.365522504,0.208817139,0.059602432,CaltechAthenaeumCellar,
13,-119.079,34.208,351,5.607461104,6.225805963,6.181080355,4.247337192,3.510644739,0.430354893,0.605902672,0.481065154,0.218898758,Camarillo,
14,-118.994,34.224,384,5.088319468,4.520185499,3.669565077,2.626408624,2.122551656,0.225802705,0.23118037,0.031813543,-0.012798213,Camarillo-WoodcreekSantaRosa,
15,-117.267,33.699,646,0.989410665,0.910274054,0,0,0,-0.968083203,-0.96036762,-0.92554462,-0.700554252,CanyonLakeVacationDrSanJoaq,
16,-118.642,34.564,450,4.441624116,3.038093088,1.992932749,1.537213572,1.549168463,0.54309988,0.306463152,0.05705585,0.131594896,Castaic-OldRidgeRoute,
17,-118.604,34.247,282,2.263558491,1.847431562,1.756541164,1.643716741,1.715826738,0.407505095,0.446407497,0.402227432,0.289147258,ChatsworthFireStation96MarillaSt1-storygroundlevel,
18,-118.026,34.333,927,0.765751056,0.694991651,0.734668219,0.689284229,0.679277119,-0.280460566,-0.285280406,-0.210512638,-0.153980583,ChilaoFlatRngrSta,
19,-117.68,33.999,292,2.86728621,2.847758993,2.726417229,2.441361602,2.281060294,0.442698628,0.379748464,0.162176162,-0.063086197,Chino,
20,-117.305,34.058,432,2.400340795,2.563290051,2.353051284,2.48342341,2.82429017,0.585566819,0.490676403,0.200224325,0.003810429,Colton-KaiserMedicalClinic,
21,-117.317,34.093,268,3.415777073,3.513798017,3.612890606,3.381864933,3.22889532,0.855730653,0.789954245,0.404887527,0.110833354,ColtonGrapeSt.andW.Mill,
22,-117.593,33.876,420,2.047939935,2.230004136,3.630416282,2.854820526,0,-0.316046536,-0.290469855,-0.256728381,-0.267756194,Corona-6thSmith,
23,-117.514,33.884,355,0.976562928,0.859342206,1.536312305,0,0,-0.446047992,-0.45626384,-0.446663678,-0.387094945,Corona-Hwy91McKinley,
24,-117.561,33.876,393,1.454405387,1.392904923,1.451308897,1.267896287,1.297288141,-0.375664771,-0.367184073,-0.345843792,-0.324299157,CoronaE.5thSt.andJoySt.,
25,-118.096,33.848,258,4.217722785,4.926584673,4.998056254,5.215869138,4.498499715,0.716323793,0.926220596,1.212220311,1.18492341,DelAmo,
26,-117.407,34.235,526,1.802387371,1.742010126,1.52212374,1.549313256,1.595119832,0.112724349,0.083094053,0.102483489,-0.004383388,Devore-DevoreWaterCompany,
27,-118.455,34.106,669,1.019543012,0.895706624,0.975988576,0.955461757,1.022100217,-0.089578323,-0.13585721,-0.091378927,0.032062139,DonnaJonesJenkins,
28,-118.167,33.924,272,5.482367089,4.119932481,4.016561992,3.521491234,5.267194306,0.786513388,0.948007405,1.165431142,1.159218431,Downey-CoMaintBldg,
29,-117.709,33.869,368,2.048340902,2.011703309,1.702646209,2.109040154,2.445941608,-0.281416863,-0.186848328,-0.058387998,-0.102480158,FeatherlyPark-Maint,
30,-118.918,34.397,420,4.392884022,3.958865465,4.249250889,3.558115206,3.778001347,0.956641495,1.043006897,0.926596284,0.885705531,FillmorePacBell,
31,-117.434,34.1,329,1.51275106,1.41907011,1.138725442,0,0,0.295710653,0.040453047,-0.119625345,-0.167837098,Fontana-ArrowSierra,
32,-117.454,34.125,332,1.684953318,1.39989669,1.232531328,0,0,0.315823406,0.078155644,-0.049279518,-0.117487691,Fontana-CitrusBaseline,
33,-117.439,34.1,335,1.47211091,1.769041233,1.403854439,1.44069738,1.466014535,0.276073456,0.015906174,-0.137214363,-0.177833229,FontanaArrowHwyandBennett,
34,-118.294,33.713,393,2.038176862,2.066809815,1.659786573,1.653543716,1.489919002,-0.00614995,0.073774807,0.047201782,-0.083442561,FortMacarthurPark,
35,-117.943,33.684,245,4.250550645,3.93060282,3.740093206,3.525424991,3.344437877,0.363204747,0.479662448,0.668247819,0.547441125,FountainValleyI-5,
36,-117.923,33.872,351,3.360246763,4.096210081,4.071526924,4.358945531,4.217488257,0.693552315,0.87111789,0.963802457,0.717203796,Fullerton,
37,-117.886,33.889,377,3.215542652,3.726383362,3.401267171,3.398054752,2.998309154,0.66056931,0.794190407,0.821770549,0.540385425,Fullerton-CSUFullertonGrnds,
38,-118.128,34.137,367,2.739240818,2.909945251,2.395660685,2.154870332,2.022395425,0.495328009,0.359419763,0.198337659,0.053586293,Geol.Surv.Anal.,
39,-117.312,34.033,428,2.126542227,1.451449081,1.485058633,1.560988039,0,0.392434329,0.270334154,0.015315204,-0.09972059,GrandTerrace-MtVernon,
40,-118.334,34.254,434,2.136782475,1.800321651,1.865734361,1.780271294,1.602521352,0.209551871,0.24030073,0.145500556,0.020600015,GreenVerdugoMicrowaveSite,
41,-117.213,34.136,362,1.840923939,1.749039459,1.712386448,1.467886118,1.728766736,0.294113994,0.204172418,0.176397949,0.042390145,HighlandFireStation,
42,-117.219,34.121,335,1.523741451,1.621575163,1.529527908,1.695371088,1.712986325,0.400534987,0.310418099,0.232405826,0.066460706,HighlandBaseline,
43,-118.316,34.103,413,1.97656026,1.716369322,1.60660254,0,0,0.479214162,0.432908207,0.316049397,0.1704247,Hollywood-FranklinBronson,
44,-117.997,33.662,316,2.445146777,3.261095702,3.529544007,3.352446857,3.830592648,0.39787057,0.522838354,0.736503184,0.626744688,HuntingtonBeach-LakeSt,
45,-118.497,34.311,373,4.096353076,3.744548415,3.440887782,3.547717573,3.104048425,0.591647863,0.696373463,0.697088778,0.538734555,JensenFilterPlantAdministrativeBuildingFreeField(K2),
46,-118.498,34.313,526,2.692839058,2.44096877,3.043394787,2.916245441,2.38227743,0.587037861,0.690331399,0.690578818,0.535217762,JensenFilterPlantGeneratorBuilding,
47,-117.879,33.597,390,1.020843054,1.499991853,1.27404091,1.143032944,1.271798246,-0.274043232,-0.221350163,-0.051950432,0.000341897,KerckhoffMarineLaboratory,
48,-118.102,34.15,383,2.515135112,2.424829136,2.615555568,2.256787167,2.240693483,0.487479568,0.342613757,0.190937832,0.045339022,Kinemetrics,
49,-118.26,33.929,301,2.854522651,3.120677902,2.900149561,2.976370123,2.259006514,0.680798531,0.844259262,1.053114653,1.042107224,LA-116thStSchool,
50,-118.171,34.053,365,2.751726951,2.381415473,2.523261768,3.124502235,0,0.776870966,0.758777797,0.647769868,0.41098991,LA-CityTerrace,
51,-118.299,34.118,1016,1.672791138,1.262282346,1.079905325,1.037200178,0,0.378913432,0.282293081,0.115306035,0.032944091,LA-GriffithParkObservatory,
52,-118.178,34.037,349,4.523806827,3.927114895,3.152371955,4.129822244,4.439669564,0.767308235,0.798758328,0.757941306,0.538766325,LA-ObregonPark,
53,-118.246,34.059,452,2.049065186,2.226717655,1.927021822,2.665452003,0,0.693363309,0.694322407,0.585077167,0.37257424,LA-TempleHope,
54,-118.378,34,396,2.309967407,2.955599097,3.55978926,3.774750097,3.225889139,0.644628882,0.782096803,0.931180418,0.761867404,LaCienega,
55,-118.331,33.869,257,3.904874006,4.271694149,5.147504474,5.145057438,4.630820266,0.414241761,0.560276687,0.899475157,0.73446101,LaFresa,
56,-117.955,33.932,332,3.169595768,2.576245801,2.485708407,1.9314859,1.800428547,0.750393629,0.928409398,0.921678185,0.638549149,LaHabra-LaHabraMonteVista,
57,-118.149,33.975,273,2.475396377,3.115570367,3.318057484,3.073289985,2.749833309,0.762085557,0.927810311,1.041790962,0.929051995,LagunaBell,
58,-119.066,34.108,419,1.029793237,1.054160258,0.980960746,0.935935931,0.805688347,-0.20131436,-0.119155124,-0.137492329,-0.223982558,LagunaPeak,
59,-117.332,33.669,581,0.814919132,1.063519917,1.166882279,1.330817901,0,-0.883899629,-0.86825037,-0.892828166,-0.697295487,LakeElsinore-GrahamPoe,
60,-118.43,34.674,425,3.152968312,2.0080854,1.518766055,0.992608442,0.903134712,-0.168005854,-0.172978282,-0.162616044,-0.05658422,LakeHughes#1,
61,-117.451,33.852,592,1.618079176,1.458567929,1.047401448,1.078402815,0,-0.710423648,-0.652500987,-0.610095501,-0.482194632,LakeMathewsDikeToe,
62,-117.205,33.862,418,1.017854953,1.021854258,1.063753434,1.056782344,0.900362789,-0.686739922,-0.750113964,-0.688590407,-0.501428008,LakePerrisLakePerrisDrive,
63,-118.176,33.881,345,4.02714641,4.755574515,4.990178829,5.410582573,4.885295645,0.736070216,0.914567053,1.196293354,1.201710224,LB-OrangeAve,
64,-118.291,34.615,505,1.536234201,1.144715198,1.132690161,1.171934935,1.208920214,-0.223856449,-0.202544212,-0.182804331,-0.119810261,LeonaValley,
65,-118.285,34.617,427,3.01666181,1.841630196,2.270514193,1.747465051,1.003991895,-0.2165346,-0.196138486,-0.175426871,-0.114929803,LeonaValley-FireStation#1,
66,-117.991,34.521,442,2.149623915,1.303704472,1.173854296,0.947734062,0.937204933,-0.115053818,-0.097557299,-0.111172751,-0.115289085,LittleRockPostOffice,
67,-117.25,34.051,343,2.757079454,2.526207786,2.876589573,2.251821931,1.978170258,0.437545389,0.343217105,0.189754233,0.025705576,LomaLinda;VAHospitalNorthFreefield,
68,-118.868,34.808,303,2.912510634,2.482546316,2.133490446,1.854198593,1.78179642,-0.266574234,-0.266428232,-0.318636656,-0.090944089,LoneJuniperRanch,
69,-118.108,33.818,244,3.467443829,3.941567955,4.083905448,4.35742679,3.647849345,0.674690127,0.873343945,1.183325648,1.136343002,LongBeach-LosCoyotesPaloVerde,
70,-118.088,33.798,262,5.010062181,5.27610835,5.335419421,5.39299809,5.599636522,0.654878199,0.84932667,1.162012935,1.095550418,LongBeachWaterReclmPlant1,
71,-118.346,34.07,321,2.480902167,2.947098513,2.924732529,2.938943398,2.850583907,0.558485448,0.582261622,0.615120649,0.415109485,LosAngeles-3rdLaBreaLADOT,
72,-118.117,34.073,330,3.797454269,2.441777907,2.493110035,2.220544888,2.062850557,0.787814081,0.762210011,0.647717655,0.365920246,LosAngeles-AcostaResidence,
73,-118.286,34.077,440,2.566180275,2.632229724,2.613873645,2.849729616,2.551634866,0.598778009,0.582976818,0.463181138,0.273313075,LosAngeles-BeverlyBlvdVirgil,
74,-118.434,34.03,290,2.445619071,2.527315922,2.626195789,2.636975753,1.867581275,0.527032256,0.653256476,0.772418857,0.589168906,LosAngeles-I10/405InterchangeGrnds,
75,-118.488,34.305,370,3.373893723,2.950085085,2.552931375,2.370760279,2.46096327,0.604658127,0.711188257,0.71260041,0.54399091,LosAngelesFiltrationPlant,
76,-118.411,33.943,425,2.608155504,3.261895855,3.743253214,4.92166344,4.734671402,0.413987905,0.577354789,0.7985304,0.678598762,LosAngeles;LAXFireStation,
77,-117.367,34.366,365,1.693849833,1.982691412,2.318066003,2.13837255,1.890058591,-0.033694997,-0.080098391,-0.022349507,-0.065915778,Lugo,
78,-117.482,34.233,414,1.742737209,1.61649577,1.242498854,1.478739608,1.76656094,0.139724776,0.087954804,0.105926193,-0.002712928,LytleCreekFireStation,
79,-118.8,34.013,350,2.124319724,2.231506846,1.617004765,1.481457371,0,-0.971297145,-0.850787759,-0.814893126,-0.622375846,Malibu-PointDumeSch,
80,-117.117,34.067,351,3.038001525,2.619948375,2.125361385,1.759111952,1.629618766,0.580804825,0.300196201,0.204222322,0.059729308,MentoneFireStation#9,
81,-117.098,34.106,699,1.154658629,1.128522553,1.072871015,1.082747306,1.305438027,0.396994114,0.194578648,0.139885828,0.011258357,MentoneGreenspotRd.,
82,-117.045,34.079,387,1.862043769,1.508586307,1.589084456,1.537115039,1.910343069,0.538664639,0.267700791,0.157110125,0.00932603,MillCreekRangerStation,
83,-117.511,34.014,342,1.534970205,1.249318372,1.352759003,0,0,0.063541487,-0.198746607,-0.3475025,-0.347596616,MiraLoma-MissionSanSevaine,
84,-117.562,34.005,335,2.109265293,1.619256159,1.591224621,1.320399698,1.276106237,0.245717481,-0.038932733,-0.220348373,-0.284997702,MiraLomaI-15andRiverside,
85,-118.905,34.281,356,5.253456021,4.545210992,3.783367681,3.271949575,2.869029873,0.492026806,0.407023698,0.198219419,0.182183683,Moorpark,
86,-117.173,33.921,338,1.76987364,1.77320067,1.692621978,1.861271251,0,-0.390814453,-0.448509485,-0.431980431,-0.312890261,MorenoValley-AlessandroMore,
87,-117.234,33.902,308,1.337891686,1.207564139,0,0,0,-0.639967322,-0.666769803,-0.622067928,-0.451863915,MorenoValley-IndianKennedy,
88,-117.252,33.968,415,1.576793322,1.337616358,1.269545735,1.595691983,0,-0.308582753,-0.33493337,-0.361611784,-0.283821642,MorenoValley-SunnyMeadVil,
89,-118.058,34.224,760,1.062831335,1.094316085,1.107763524,1.067135632,1.069168337,-0.162714586,-0.169379398,-0.144169718,-0.124724261,MountWilsonObsv,
90,-117.659,34.239,500,0.720572919,0.717032146,0.73976315,0.74502512,0.745078056,-0.040684205,-0.017699605,-0.002703106,-0.048890639,Mt.BaldyRangerStation,
91,-118.533,34.387,269,2.820400525,2.747750943,2.68171148,2.88994908,3.322137257,0.711152315,0.705255747,0.653763831,0.49154821,Newhall-FireSta,
92,-117.902,33.634,340,3.43913745,4.548652783,4.346937039,3.358690004,2.471585905,-0.127292573,-0.04872917,0.120097868,0.13697888,NewportBch-IrvineAve.F.S,
93,-117.906,33.604,278,2.738718542,3.406108542,4.514703143,3.367634553,2.901588932,-0.163993597,-0.09557797,0.084213868,0.111689419,NewportBeach-BalboaMedina,
94,-118.36,34.176,290,2.856529098,2.820333169,3.050507231,2.666961056,2.291131892,0.504077137,0.599374294,0.3472974,0.094981134,NorthHollywood,
95,-118.558,34.229,292,4.976978867,4.82816412,5.11303141,5.018154678,4.780004731,0.482426524,0.575954258,0.536666572,0.352019966,Northridge,
96,-117.924,33.945,415,2.490502525,2.468875483,2.378339627,2.486114104,2.400353827,0.720584631,0.850870192,0.7842291,0.483316034,Olinda,
97,-117.803,33.927,378,1.46419581,1.370169454,1.598443307,0,0,0.372217298,0.46580103,0.460287303,0.205944106,Olinda-CarbonCanyonRd,
98,-117.844,33.788,318,2.463341336,3.0721202,2.849400006,3.078065311,2.85598515,0.39589107,0.484655261,0.514096558,0.281357944,Orange(Chapman),
99,-118.724,34.614,417,1.547350462,1.279081534,1.29770692,1.225596838,1.174188556,0.266328275,0.02106438,-0.163769424,0.01730101,OsitoAudit:CastaicLakeDam,
100,-118.375,34.296,508,3.738439767,2.902874614,2.384153142,2.139865132,1.736428785,0.43624416,0.429432124,0.342470318,0.21137172,PacoimaKagelCanyon,
101,-117.638,34.121,389,1.666840547,1.881305439,1.681575547,1.473940742,1.395611114,0.435484141,0.186785847,0.050879363,-0.085858375,Padua,
102,-118.114,34.578,453,2.556708911,2.519040554,1.508012042,1.235465992,1.116397217,-0.103889339,-0.103045553,-0.097204544,-0.09931659,PalmdaleFireStation,
103,-117.805,34.393,488,0.757008486,0.563962513,0.80834973,0.920317057,0,-0.042664934,-0.02455101,-0.043449286,-0.085838504,ParadiseSprings-CampOffice,
104,-118.582,34.442,472,2.657662899,2.767810466,2.64444776,2.496758136,2.49187599,0.878967166,0.819272935,0.694417417,0.517823339,Pardee,
105,-118.171,34.148,640,0.822920432,0.836091291,0.842362929,0.889622608,0.851811588,0.386249602,0.226864532,0.041916005,-0.041803882,Pasadena(PASA),
106,-117.23,33.787,518,0.763166407,0.792350111,0,0,0,-0.931424677,-0.99198842,-0.896494448,-0.654243886,Perris-SanJacintoCStreet,
107,-117.544,34.425,403,2.325308893,3.328929541,2.594739952,0,0,0.144176051,0.099392168,0.118772097,0.013103085,Phelan-CentolaPhelanRds,
108,-118.077,34.002,261,2.668613426,3.373614786,2.255228185,2.712579401,2.622604796,0.82896924,0.963718891,0.97234416,0.684685886,PicoRivera-DurfeeWhittier,
109,-118.437,33.963,402,2.578174287,2.95562785,3.880423802,4.269410622,4.112595343,0.444597155,0.597512722,0.784983933,0.642307758,PlayaDelRey,
110,-117.609,33.795,699,1.822448781,1.32231281,1.206608532,1.298449176,1.304609466,-0.584505975,-0.50315702,-0.409463406,-0.33989346,PleasantsPeak,
111,-117.748,34.056,384,2.321227108,2.858428308,2.296157069,2.029056341,2.311324371,0.381691813,0.345077336,0.166610643,-0.021699635,Pomona-4thLocustFF,
112,-117.807,34.092,463,2.042346889,1.875136551,1.705493974,1.582709764,1.82310691,0.262691945,0.249876246,0.145559624,0.001636977,PuddingstoneReservoir,
113,-118.498,34.396,395,2.292814016,2.475544073,2.113695599,1.870226246,2.048018871,0.687421381,0.64940685,0.577502072,0.418734312,QuigleyStation,
114,-117.54,34.123,380,1.412225496,1.640109669,1.670525433,0,0,0.378563821,0.106988788,-0.014193837,-0.116987564,RanchoCucamonga-BaselineRochester,
115,-117.574,34.104,390,1.32751617,2.065609526,0,0,0,0.49351579,0.149801672,-0.024900945,-0.14616774,RanchoCucamonga-LawandJustinceCenterFFFoothillandHaven,
116,-118.404,33.743,530,2.511712004,2.325522977,2.110800125,2.214702148,1.970345458,-0.66054821,-0.530121088,-0.397767872,-0.3258259,RanchoPalosVerdes,
117,-118.335,33.74,509,0.520475832,0.405158022,0.319833079,0.162595255,0.143394194,-0.199947819,-0.110976361,-0.104466885,-0.198161379,RanchoPalosVerdes-Luconia,
118,-117.224,34.005,488,0.915930812,1.08599418,0.965933205,1.110462463,1.185579438,0.0565814,-0.029354641,-0.085682958,-0.113231793,RecheCanyon-OliveDellRanch,
119,-118.51,34.193,287,3.001932835,3.726538653,3.397007359,3.476841379,3.457782957,0.289401382,0.36947149,0.3259013,0.201028436,Reseda-FireStation100,
120,-117.398,34.069,325,1.998053888,1.296101173,1.195168118,1.16511,0,0.360391349,0.112692304,-0.109179154,-0.168399632,Rialto-I10Cedar,
121,-118.478,34.281,282,4.041324672,3.894740751,3.521200599,2.984177728,2.990026088,0.668670893,0.772067487,0.777538717,0.565119922,RinaldiReceivingSta,
122,-117.98,34.105,372,2.196818584,2.499906937,2.574607323,2.316977492,2.192679644,0.686605453,0.69181639,0.661425054,0.341712236,RioHondo,
123,-117.376,33.994,356,0.787452232,0.853360469,0.844210597,0.828791087,0.780047635,0.033101786,-0.207121357,-0.376183212,-0.338633418,Riverside,
124,-117.488,33.919,335,0.623662861,0.767038432,0.98054945,1.309224456,1.479316304,-0.352286577,-0.437319726,-0.481944263,-0.418298364,Riverside-HoleLaSierra,
125,-117.388,33.951,323,1.443277991,1.354758318,1.464503855,0,0,-0.214451239,-0.399631888,-0.511387289,-0.428778142,Riverside-Hwy91Central,
126,-117.443,33.917,333,1.606193894,1.324497558,1.963765534,0,0,-0.37816292,-0.482128829,-0.543055356,-0.455222219,Riverside-Hwy91VanBuren,
127,-117.344,33.979,341,2.63400714,1.514359822,1.665582225,1.426134092,1.449405739,-0.042274904,-0.236225143,-0.383814842,-0.333383709,Riverside-I2153rd,
128,-117.486,33.975,330,0.848904645,0.848400724,0.986274453,1.409749841,1.453588372,-0.14797999,-0.333855987,-0.445235461,-0.404846787,Riverside-LimoniteDowney,
129,-117.32,33.895,582,0.957426846,1.058229515,1.409115636,0,0,-0.618940473,-0.661371291,-0.661311507,-0.504667997,Riverside-VanBurenTrautwein,
130,-117.446,33.951,390,0.731518586,0.821126297,0.994066718,0.86746589,1.074589299,-0.233166799,-0.40327099,-0.505273044,-0.43718344,RiversideAirport,
131,-117.327,33.973,360,1.618023067,1.486302425,1.434072702,1.346536313,1.259283265,-0.112601258,-0.270572871,-0.397556752,-0.337443292,RiversideSurface,
132,-117.327,33.973,360,1.845082975,1.667118464,1.584701009,1.582036766,1.534578354,-0.112601258,-0.270572871,-0.397556752,-0.337443292,RiversideUCRcampus,
133,-118.356,33.787,473,1.908097184,1.595471872,1.777199414,1.574469039,1.593523011,0.028515352,0.151386783,0.372976571,0.087190688,RollingHillsEst-RanchoVista,
134,-118.081,34.051,279,2.890234291,3.117477866,3.201734484,3.011763043,2.999395211,0.839467227,0.892538011,0.829582572,0.497974783,Rush,
135,-118.646,34.059,750,1.467443706,1.364959507,1.200511439,1.329870563,1.348605951,-0.265582502,-0.27853781,-0.385376275,-0.302354008,SaddlePeakFireCamp8,
136,-117.662,33.553,421,3.577153167,3.627216661,3.419398653,3.03458379,2.661216618,-0.491430879,-0.532742798,-0.421803802,-0.394509345,Saddleback,
137,-117.251,34.166,643,1.350757173,1.429253265,1.148661808,1.341220727,1.386473579,0.265239984,0.20376429,0.173284009,0.039603122,SanBernardino-DelRosaWkSta,
138,-117.331,34.224,760,1.242443234,0.939542229,0.784497599,0,0,0.097469561,0.067539074,0.086954609,-0.003624585,SanBernardino-DevilCanyonPenstock,
139,-117.292,34.065,297,3.335842599,4.335481767,3.276439684,4.119172375,4.627577813,0.737247884,0.695161879,0.367683202,0.095182106,SanBernardino-EHospitality,
140,-117.289,34.091,279,3.179232555,4.055533687,3.846228662,4.548910573,4.058008206,0.714342892,0.657226026,0.365171224,0.103960685,SanBernardino-FireSta.#10,
141,-117.275,34.069,317,3.838945738,4.179792802,4.102235761,4.106981293,3.06947037,0.828791618,0.816017807,0.45628345,0.14055568,SanBernardino-FireSta.#11,
142,-117.294,34.14,323,2.664360787,2.793406006,2.029648716,1.943567978,1.891817023,0.694029391,0.665769517,0.409965843,0.141497836,SanBernardino-FireSta.#4,
143,-117.288,34.165,441,1.998649117,1.371815997,1.08231407,1.043741502,0.909854709,0.342449635,0.288845271,0.215460524,0.060629137,SanBernardino-FireSta.#7,
144,-117.349,34.103,326,1.949598509,2.133115112,1.984830579,1.987947572,2.005548494,0.663901389,0.530534267,0.23323302,0.02997352,SanBernardino-FireSta.#9,
145,-117.283,34.105,444,2.689040531,3.254353433,2.928235425,2.801180169,2.457267582,0.678391933,0.622480333,0.365772694,0.112391323,SanBernardino-FSNo.01,
146,-117.288,34.123,426,2.302525265,2.699973398,2.21639886,2.020995458,1.984333676,0.707515657,0.672542632,0.409501225,0.139345616,SanBernardino-LincolnSchool,
147,-117.322,34.135,329,2.220603003,2.207262563,1.590641961,1.383041676,0,0.63165009,0.565431118,0.327315778,0.098730952,SanBernardino-MedicalCenter,
148,-117.277,34.047,359,2.569864225,3.572360792,2.835628559,2.88420319,3.413186364,0.501867414,0.427862406,0.186979905,0.005567318,SanBernardino-Mont.MemPk,
149,-117.287,34.096,314,2.707786557,3.443392925,3.292788817,3.370154534,3.350503972,0.700188041,0.64213866,0.362833112,0.105531022,SanBernardino-MtnVwClstr,
150,-117.365,34.205,496,1.556225401,1.486165277,1.258608327,1.370888561,1.554437747,0.16417338,0.122880429,0.111986324,0.013615785,SanBernardino-NVerdemontSch,
151,-117.219,34.145,396,2.233390377,1.817093275,1.484319897,1.769208136,1.634609722,0.26222381,0.174895018,0.164849445,0.039763357,SanBernardino-SerranoSchool,
152,-117.427,34.193,631,0.814665214,0.876546013,1.074917762,0.923212655,0.941629945,0.218019783,0.112131059,0.084099211,-0.013002694,SanBernardino-SycamoreFS,
153,-117.681,33.487,406,2.275441537,2.648274638,0,0,0,-0.453413159,-0.495851219,-0.369432271,-0.348523736,SanJuanCapistrano#2,
154,-117.886,33.704,222,2.623257289,3.254433453,3.145516132,3.301170311,2.978946006,0.287475526,0.38247475,0.484537303,0.33235231,SantaAna,
155,-117.844,33.748,306,2.737920508,2.782875563,2.608845098,2.812016693,2.735613724,0.329633683,0.417874008,0.419647336,0.214700758,SantaAna-I54thSt,
156,-119.187,34.303,490,2.323654693,3.464325723,3.711155136,3.542414283,3.244301929,0.550199986,0.781990469,0.821957588,0.778534353,SantaClara,
157,-118.065,33.962,261,3.288611339,3.601934753,2.924855691,0,0,0.807367504,0.970923781,1.028958678,0.793438911,SantaFeSprings-DiceSlauson,
158,-118.456,34.014,378,2.768568263,3.174553913,3.52545044,3.402802003,3.433616955,0.500994742,0.622802675,0.759422839,0.589519382,SantaMonicaFireSt,
159,-117.769,33.664,302,2.4590672,1.860663376,1.633517906,1.40427896,1.453754183,-0.38764146,-0.336611211,-0.265573829,-0.249593511,Santiago,
160,-119.165,34.293,249,4.13073586,5.450320022,5.214313542,4.842508191,5.138430017,0.570654333,0.805907071,0.831233203,0.762762308,Saticoy,
161,-117.789,33.829,441,1.907683101,1.901120766,1.965857931,1.936239263,1.757011267,0.044370711,0.134987712,0.196563974,0.068462007,Serrano,
162,-118.463,34.154,316,2.564155389,2.640088091,1.835827234,2.231752984,0,0.150162652,0.180423453,0.156919569,0.103731632,ShermanOaks-VenturaColumbus,
163,-118.744,34.271,260,3.964481996,3.514601634,3.510756254,3.230431154,3.06011824,0.383701324,0.30264622,0.053654257,0.116812907,SimiValley,
164,-118.449,34.416,369,3.72514614,2.912168605,2.743259651,2.513282283,2.106421442,0.680854082,0.609708667,0.489861727,0.300841123,Solamint,
165,-118.199,33.79,229,3.470810272,4.040504236,3.714051023,3.660422745,3.409767856,0.505607963,0.644432724,0.956661463,0.810737431,StateStreet,
166,-117.235,34.232,393,1.458914402,1.236398091,1.267032786,1.356044059,1.384568165,-0.092482828,-0.148152322,-0.039344527,-0.088361196,StrawberryPeak,
167,-119.137,34.437,351,2.583216723,2.943337145,2.97645364,2.601429553,2.303470031,0.321545452,0.378534079,0.358415842,0.590584934,SummitElementarySchool,
168,-117.191,33.715,354,1.829174296,1.304630106,0,0,0,-0.91969198,-0.963857532,-0.903394401,-0.671239316,SunCity-I215McCallBlvd,
169,-118.444,34.327,421,3.333008405,2.570505049,2.603962925,2.174678836,2.090131102,0.596289456,0.618551373,0.570109069,0.425756842,Sylmar-CountyHospitalGrounds,
170,-118.448,34.309,399,3.947016391,3.634837857,2.916100459,2.784772106,2.697638499,0.668509424,0.705114245,0.665186703,0.487032205,Sylmar-FireStation#91,
171,-117.678,34.382,586,2.213861644,1.849938206,1.517675677,1.359198248,1.564150914,0.072024129,0.075529508,0.036219072,-0.038052708,TableMountain2,
172,-118.82,34.156,383,1.92469892,2.23564499,2.299594787,1.856122127,1.574097169,0.036724631,-0.138583109,-0.301356822,-0.28719309,ThousandOaksVentura,
173,-118.6,34.084,506,0.762667921,0.86737248,0.978858202,0.903557238,0.977368382,-0.146252573,-0.224960104,-0.313724667,-0.199181736,Topanga-FireSta,
174,-118.599,34.084,428,1.001167405,0.931910795,0.898499946,0.71748071,0,-0.148092136,-0.228192508,-0.315179199,-0.198427662,TopangaCanyon,
175,-118.286,34.019,278,2.255192558,2.512141096,2.835661218,2.826229288,2.800528788,0.727385759,0.803800404,0.819518805,0.644708157,UnivSouthernCa,
176,-118.364,34.139,365,3.24574612,2.253952935,1.880550705,1.064044738,0.962239256,0.393516451,0.424582332,0.242117658,0.086072735,UniversalCity-Hwy101Lankershim,
177,-117.853,34.444,387,2.936563444,2.036278675,1.765474853,1.479848573,1.073123267,-0.020279165,0.005101323,-0.03714278,-0.089886017,ValyermoForestFireStation,
178,-118.447,34.185,304,4.051356817,4.594053924,3.413105455,4.18748085,5.423467327,0.448682219,0.540680707,0.510033727,0.279869884,VanNuys-FireStationNo.39,
179,-118.118,34.484,405,1.277956032,1.089292345,0.912104238,0.94620474,0.99434199,-0.115280673,-0.123126648,-0.102167606,-0.114285633,VincentSubstation,
180,-117.951,34.009,343,4.253803868,4.303307648,4.072982781,3.87067895,3.639114987,0.782838941,0.885692477,0.745693803,0.422348797,Walnut,
181,-118.256,33.949,269,3.664830924,3.65000855,4.065787382,3.811207665,3.639708284,0.728167593,0.888039768,1.04714334,1.01025486,Watts,
182,-118.65,34.172,384,3.84310598,3.780982078,3.751083657,3.561500418,2.783831127,0.291829497,0.258269876,0.246399507,0.071137071,WestSideStation,
183,-117.279,33.604,338,4.444851209,3.172223351,2.576927807,2.280202454,0,-0.889579117,-0.908440351,-0.945189536,-0.736756444,Wildomar-Palomar,
184,-118.38,34.115,1043,0.599981977,0.581375473,0.708593707,0.811317721,0.854574751,0.293549299,0.287388325,0.197456628,0.103643537,WonderlandAvenueSchool,
185,-117.629,34.36,400,1.485365823,1.238920327,1.419605945,1.253620929,1.165627257,0.118936658,0.118872762,0.079662502,-0.014516653,WrightwoodPostOffice,
186,-117.058,34.004,347,1.694344566,2.170692645,1.705396113,0,0,0.672708452,0.312185913,0.16002892,0.031895824,YucaipaValley-CalimesaCnty,
